<beans  
    xmlns="http://www.springframework.org/schema/beans"  
    xmlns:xsi="http://www.w3.org/2001/XMLSchema-instance"  
    xmlns:p="http://www.springframework.org/schema/p"  
    xsi:schemaLocation="http://www.springframework.org/schema/beans  
                http://www.springframework.org/schema/beans/spring-beans-3.0.xsd">
                
    
   <bean id="user" class="com.User">  
  
	<!-- <property name="userId" value="100"></property>  
	<property name="userName" value="xpert it"></property>  --> 
	
	<constructor-arg type="int" value="101"></constructor-arg>
	<constructor-arg type="String" value="Deepak"></constructor-arg>
	
   </bean>   
   
          
                
 </beans>